URL,Priority,Change Frequency
https://falcon-koeln.de/,1.0,daily
https://falcon-koeln.de/about,0.8,daily
https://falcon-koeln.de/services,0.8,daily
https://falcon-koeln.de/contact,0.8,daily
https://falcon-koeln.de/services/veranstaltungsschutz,0.7,daily
https://falcon-koeln.de/services/kaufhausdetektive,0.7,daily
https://falcon-koeln.de/services/baustellenueberwachung,0.7,daily
https://falcon-koeln.de/services/zugangskontrollen,0.7,daily
https://falcon-koeln.de/services/objektschutz,0.7,daily
https://falcon-koeln.de/services/revierfahren,0.7,daily
https://falcon-koeln.de/services/schutzdienst,0.7,daily
https://falcon-koeln.de/services/personenschutz,0.7,daily
https://falcon-koeln.de/services/ausbildung,0.7,daily
https://falcon-koeln.de/services/andere,0.7,daily
https://falcon-koeln.de/impressum,0.3,daily
https://falcon-koeln.de/datenschutz,0.3,daily
https://falcon-koeln.de/falconsecpro-privacy,0.3,daily
https://falcon-koeln.de/falconsecpro-support,0.3,daily
